firstname,lastname,email,address,city,cp,country,latitude,longitude
Fritz,Gray,sem@pellentesqueSeddictum.org,Ap #822-5609 Sociis Street,Lunel,9967YD,Togo,-87.43438,32.78286
Emerald,Amal,lacus.Quisque@Aeneaneuismodmauris.edu,4944 Nunc Road,Legnica,85004,Greece,38.36261,3.88008
Calvin,Xavier,enim.Curabitur.massa@Pellentesqueutipsum.ca,2974 Justo Rd.,Kumluca,91471,Dominican Republic,1.44423,172.31646
Logan,Chaim,tincidunt.tempus.risus@Duiscursus.com,Ap #716-8113 Nulla Rd.,Spermalie,64437-377,Chad,56.78108,-56.05715
Buffy,Eagan,Donec.consectetuer.mauris@egetodio.net,Ap #728-8196 Nec St.,Hapur,50228,Cameroon,30.60987,-96.25773
Kai,Zelenia,in.felis.Nulla@eratnequenon.com,463-5333 Commodo Street,Neu-Ulm,VC05 2MS,Yemen,-60.01041,-169.70756
Melyssa,Amber,a.dui.Cras@velsapien.com,"P.O. Box 508, 3970 Suscipit Road",Rycroft,77077,Solomon Islands,37.59124,30.07422
Hedy,Elton,arcu@id.org,Ap #758-9515 Urna Rd.,Saint-Maur-des-Fossés,71354-696,Cook Islands,-89.65646,24.7783
Kaden,Rooney,Donec.sollicitudin@ipsumDonecsollicitudin.ca,7363 Magnis Street,Ashburton,309059,Philippines,-89.09639,176.60598
Xavier,Roth,sed@temporerat.org,864-8374 Mauris St.,Houtvenne,2784EC,Portugal,77.92861,-58.71026
Carl,Zorita,condimentum.eget.volutpat@penatibus.org,6553 Non Av.,Tongerlo,85256,Kenya,-39.8764,31.98448
Cleo,Mikayla,feugiat@Ut.org,"P.O. Box 858, 4832 Velit. Rd.",Niort,05196-739,Gibraltar,-49.56889,-27.96401
Olivia,Murphy,ac@Nuncmauris.com,Ap #131-1105 Egestas St.,Sant'Angelo Limosano,5062,"Korea, North",-53.95848,44.05984
Shad,Adele,Donec.vitae@scelerisquescelerisquedui.ca,5629 Pellentesque. Avenue,Vancouver,50352,Chad,-72.72248,-108.22118
Kiayada,Madaline,dolor.Fusce.feugiat@lobortis.ca,9435 Sapien. St.,Husum,718187,Poland,-9.43486,-68.42011
Adele,Orlando,ornare.sagittis.felis@erateget.ca,153-974 Libero. Av.,Alcobendas,70116-172,Bouvet Island,-15.46193,-40.80916
Holmes,Todd,massa@odiotristique.co.uk,149-8178 Feugiat. Rd.,King Township,7981,Tuvalu,35.66398,53.5949
Cheyenne,Blaine,Nullam@non.edu,7315 Aliquam Road,Anjou,Y1A 5V6,Heard Island and Mcdonald Islands,-28.5504,46.14023
Paki,Melodie,et.ultrices.posuere@vitae.edu,457-9452 Scelerisque St.,Weiterstadt,4214,Spain,57.68953,-50.69935
Maryam,Juliet,eget.metus.eu@massa.org,"331-1094 Lorem, Ave",Meldert,8512,New Caledonia,-18.21225,179.31591
Rajah,Gannon,sem.mollis.dui@duiinsodales.ca,949-1802 Interdum. St.,Fratta Todina,961343,Saint Pierre and Miquelon,40.24066,-26.5172
Kenneth,Joel,non.lobortis@Morbi.org,572-9038 Libero. Ave,Ravenstein,8707,Morocco,-54.14742,1.77847
Jena,Megan,tellus.Phasellus@risus.co.uk,8093 Elit Av.,Santarém,09152-842,Libya,-74.25601,78.40883
Petra,Kessie,volutpat.nunc.sit@musAeneaneget.co.uk,"P.O. Box 208, 9080 Lacus Ave",Vollezele,69525,Comoros,41.80715,-3.07172
Kyra,Adria,elit.Nulla@dictum.ca,169-7681 Parturient Rd.,Bergama,9333,Grenada,32.82281,-155.9734
Nayda,Cailin,torquent@ultrices.org,Ap #822-5687 Tempor Street,Schwedt,67598,Reunion,-2.31923,175.73681
Guy,Samson,ornare.facilisis.eget@vitae.ca,3556 Porttitor Rd.,Genval,48496,Austria,-26.811,-37.06459
Leonard,Wynter,sit.amet@ligulaconsectetuerrhoncus.org,Ap #859-6650 Pharetra Rd.,Mellet,60107,Italy,-10.20106,-90.56361
Upton,Maya,Fusce.aliquet@faucibuslectus.org,637-9998 Dui Rd.,Saint-Maur-des-Fossés,2515,French Polynesia,-2.85421,-50.89327
Tana,Axel,lacus@liberodui.edu,"P.O. Box 587, 6445 Ac Rd.",Strona,37928,Bulgaria,-46.39514,81.49193
Zoe,Iona,quam.a.felis@blanditenimconsequat.org,"P.O. Box 250, 1729 Et Av.",Sokoto,2711,Swaziland,-32.01686,-161.31526
Felix,Bree,laoreet.libero.et@lacusAliquam.com,320 Nascetur Ave,Rezzoaglio,52453,Eritrea,85.10812,-30.34624
Macy,Hakeem,et@vestibulumMauris.ca,Ap #407-7154 Tellus Rd.,Florenville,5998,Bhutan,66.39182,-147.69051
Halla,Walter,molestie.pharetra@necleoMorbi.ca,"1614 Ornare, St.",Guarulhos,3507NV,Brazil,19.15786,-90.14711
Margaret,Petra,auctor@nisidictum.org,2248 Nisi Rd.,Didim,96603,Egypt,-62.80251,113.05345
Basia,Shafira,commodo.auctor@aliquet.ca,"P.O. Box 254, 1691 Neque. Rd.",Meerut Cantonment,42137,Wallis and Futuna,-19.60554,-153.09038
Oprah,Yetta,sit.amet.ultricies@enimMaurisquis.net,635-8942 Odio. Av.,Whitby,20412,"Saint Helena, Ascension and Tristan da Cunha",-4.86995,145.35422
Craig,Riley,dolor.quam@dolor.ca,Ap #809-6202 Auctor. St.,Vetlanda,707418,Gambia,-13.40411,48.69383
Beck,Jaime,non@adipiscingfringillaporttitor.edu,681-3281 Et Av.,Móstoles,16408-042,Poland,60.41884,-45.09248
Garrison,Abdul,a.enim@vitae.net,"P.O. Box 355, 6478 Nam Avenue",Greater Sudbury,136360,San Marino,-80.39789,105.26088
May,Tucker,dui.quis@velconvallisin.org,"P.O. Box 627, 1979 Purus. Street",Kakisa,ZT88 3WG,United Kingdom (Great Britain),-57.90472,-146.89497
Lana,Brent,molestie@lacusUt.ca,"P.O. Box 335, 5068 Erat. Street",Bloxham,38247,Togo,-44.14163,-131.71843
Connor,Renee,dictum@convallis.ca,629-3444 Morbi Avenue,Oyace,2808,Trinidad and Tobago,63.5026,4.82713
Vance,Zena,nibh.lacinia.orci@acipsumPhasellus.org,Ap #391-6212 Sed St.,Koolkerke,2302,Iran,-39.22251,-38.24667
Oscar,Vance,placerat@nonlobortis.edu,268-5802 Mi Av.,Terneuzen,30114,France,25.74527,58.63947
Irene,Wallace,elit@a.co.uk,Ap #560-7759 Purus Street,Bida,97-043,Monaco,87.04617,-164.03455
Xyla,Dara,sem@habitantmorbi.co.uk,"P.O. Box 109, 6821 Commodo Rd.",Lecce,43254,Gambia,-51.96501,-94.67531
Hedy,Phillip,scelerisque.neque.sed@non.org,Ap #253-8132 Lectus. St.,Frascati,3328,South Sudan,-37.51808,-113.06364
Wilma,Lucian,Cras@pretium.net,"P.O. Box 437, 7078 Cursus Avenue",Booischot,10690,Viet Nam,-27.60907,-117.73166
Britanney,Hayfa,Sed.pharetra@adipiscing.com,751-5167 Lorem Av.,Brodick,80-838,Lithuania,-59.19472,-80.68909
Rudyard,Demetria,pretium.neque@tempuslorem.ca,957-8844 Cursus Av.,Pescantina,95341,Moldova,56.70986,94.99906
Kibo,Danielle,Morbi.metus.Vivamus@commodohendrerit.com,Ap #214-7333 Neque. Road,New Plymouth,63120,Nicaragua,25.33139,131.82311
Katelyn,Dustin,turpis.egestas.Aliquam@Suspendisseseddolor.edu,6359 Ac St.,Orciano Pisano,75708,Wallis and Futuna,-19.34438,16.86634
Montana,Plato,Curabitur.egestas.nunc@dolortempusnon.ca,247-733 Urna Av.,Regensburg,9753,Tajikistan,-16.05201,40.60341
Emery,Sarah,lectus.ante@sitametfaucibus.edu,478-3940 Pellentesque St.,Baltimore,0124,Bahrain,37.98435,-116.90758
Lunea,Charde,nulla@disparturientmontes.net,Ap #195-8553 Sagittis. Avenue,Queanbeyan,20815,Liberia,-6.85769,-138.33113
Alea,Nyssa,hendrerit.Donec@a.net,Ap #559-2569 Magna Road,Ilbono,539623,Dominican Republic,3.1638,-75.85244
Mechelle,Yuri,tempus@amet.org,449 Auctor Street,Nobressart,12127,Palau,30.31485,-22.92102
Callie,Felix,euismod.urna@velitjustonec.net,735-1041 Accumsan Av.,Calais,61009,Benin,-11.99488,65.82351
Arden,Caryn,lectus.quis@torquentper.edu,Ap #739-830 Eu Road,Novoli,15735,Madagascar,33.92823,15.2768
Daryl,Lyle,Curabitur.consequat.lectus@tellus.co.uk,"P.O. Box 173, 9874 Suspendisse Road",Reggio nell'Emilia,72221,Lithuania,-8.4184,-174.15549
Kelly,Jacob,enim.nec@a.org,"P.O. Box 570, 516 Cursus Road",Guápiles,50812,Saint Kitts and Nevis,-7.31041,-10.85274
Elvis,Clare,leo.Vivamus@loremutaliquam.edu,350-2318 Amet Avenue,Ostra Vetere,92892-621,"Virgin Islands, British",-78.5666,85.57438
Madonna,Caleb,diam.at.pretium@fermentumrisusat.ca,"P.O. Box 428, 4128 Nam Ave",Narbonne,977472,Algeria,-37.67894,-174.69926
Madonna,Catherine,vitae.dolor.Donec@nonummyultriciesornare.co.uk,"P.O. Box 667, 4980 Magna Rd.",Malgesso,21017,Antarctica,23.03827,81.54426
Kadeem,Rogan,senectus@molestiesodales.edu,Ap #728-729 Faucibus St.,Alix,20-854,Portugal,-30.36722,-116.55508
Camille,Frances,ac@nisi.net,"247-2734 Id, St.",Gdańsk,2346,Venezuela,-88.77073,-133.96124
Ainsley,Tallulah,Cum.sociis.natoque@mollis.org,262-2059 Sit Ave,Oudekapelle,863756,Dominican Republic,-17.05309,-145.56538
Leslie,Hayes,Sed@magnaet.org,Ap #802-1246 Mauris St.,Cherbourg-Octeville,51718,French Polynesia,32.8022,154.02427
Aristotle,Minerva,risus.varius@vitaeposuere.ca,"9718 Eget, Avenue",Alvito,045487,Macao,-4.78203,39.23103
Orlando,Sara,ante.ipsum.primis@nonhendrerit.com,7269 Amet Rd.,Alexandra,391033,"Congo, the Democratic Republic of the",-13.20729,4.24821
Aidan,Kennedy,scelerisque.neque@Etiam.co.uk,214-2479 Purus Street,Purmerend,41908,Czech Republic,31.38017,-134.10402
Ursula,Addison,massa@Sed.co.uk,"P.O. Box 427, 6987 Rutrum. Road",Glovertown,9506,Reunion,-66.40168,-32.0483
Nomlanga,Benjamin,ultrices.Vivamus@ultricesDuis.edu,"P.O. Box 802, 3373 Fringilla Rd.",Marke,1771,Pakistan,85.21657,39.15727
Leandra,Fulton,egestas.ligula.Nullam@sagittisplaceratCras.org,138-6235 Vitae St.,Whitewater Region Township,2295,Malta,-15.89189,84.91721
Gary,Tatum,fames.ac.turpis@massarutrum.org,1498 Consequat St.,Bergen Mons,H5U 4QZ,Brazil,-48.78227,-137.9483
Dane,Quentin,purus@risusMorbi.org,"2314 Pharetra, Rd.",Modena,5787,Bangladesh,56.10896,26.78681
Reuben,Ethan,purus@loremacrisus.org,Ap #356-8697 Dolor St.,Copiapó,5180,United Kingdom (Great Britain),72.07712,-142.29153
Nyssa,Xena,Nulla.tincidunt@lectusa.ca,"P.O. Box 164, 9467 Nec, Rd.",Recife,6837,Myanmar,80.16568,83.22615
Tanya,Channing,sed@nonummy.co.uk,189-6863 Nulla Rd.,Canmore,N1N 2M6,Lithuania,59.56502,88.31694
Lilah,Cara,gravida.Aliquam.tincidunt@volutpatnuncsit.edu,508-8440 Nunc Ave,Poznań,56590,Saint Barthélemy,-67.16396,172.56629
Dominic,Sylvia,Aenean.massa.Integer@eu.com,"Ap #767-9969 Non, St.",Saint-Urbain,26368-537,Latvia,72.6471,-109.58768
Fitzgerald,Hilda,Sed@posuerecubilia.co.uk,"4526 Amet, Avenue",Deerlijk,32002,Morocco,89.69327,178.57104
Shana,Karly,egestas@tempordiamdictum.co.uk,8623 Eget St.,Campbelltown,94741,United States,-66.31908,9.51071
Ina,Mollie,pretium@velitjusto.co.uk,Ap #835-7954 Integer Av.,Chandler,Y8V 3Y6,Kuwait,39.85778,-49.94565
Xena,Inez,elit.dictum.eu@ornaretortorat.edu,Ap #349-3913 Sed Av.,Cumbernauld,38594-121,Monaco,61.72066,150.7011
Murphy,Dacey,Mauris@cursusNunc.org,6962 Donec Rd.,Mathura,38177,Solomon Islands,-10.13056,178.04572
Hilda,Georgia,sagittis.felis@fringilla.org,3145 Nisi. Street,Timaukel,ST0 6EJ,Greece,-89.62072,-76.72782
Eden,Isabelle,diam@fringillaest.ca,"432-2455 Eu, Rd.",Langholm,6171,Syria,25.04327,116.50289
Amos,Ocean,libero.Morbi.accumsan@Integer.edu,"P.O. Box 541, 628 Non Rd.",La Cruz,24732,Ethiopia,68.38597,-125.8226
Elmo,Vivien,per.conubia.nostra@suscipitestac.ca,867-4235 Orci Rd.,Völklingen,45008,Belize,-5.20984,90.83774
Duncan,Brenda,dui@Uttinciduntorci.co.uk,Ap #807-1916 Urna Ave,Market Drayton,4872,New Zealand,38.07122,-4.92999
Hermione,William,imperdiet.ornare.In@ut.org,342-9510 Nec Av.,Muiden,94034,French Polynesia,-15.38608,109.60478
Clarke,Illiana,et.nunc.Quisque@utmolestiein.edu,"Ap #627-1588 Enim, Rd.",Pemberton,94397,Kyrgyzstan,89.07198,2.78182
Whitney,Howard,ipsum.Suspendisse@in.net,"P.O. Box 791, 6831 Ipsum. St.",Mühlheim am Main,7117,Kenya,5.55845,165.51602
Felix,Madison,varius@ultricesVivamusrhoncus.edu,Ap #894-6994 Per Av.,Kamarhati,09484,Guadeloupe,68.65439,97.01348
Teegan,Germaine,augue@dolor.ca,550-4960 Vitae Road,Petrolina,133215,Costa Rica,-60.65017,-5.38754
Wang,Paki,est@sedconsequat.edu,6319 Eleifend Av.,Yellowhead County,01398-767,Cook Islands,-27.10597,-127.36287
Zane,Ira,Suspendisse@ut.net,9026 Lectus. Rd.,Russell,30168,Fiji,-47.9593,85.67998
Gay,Magee,dignissim.tempor.arcu@dapibusrutrum.ca,170-9633 Ante Av.,Grand-Manil,411237,Svalbard and Jan Mayen Islands,-82.87202,52.8887